molecule,method,n_experiments,sqd_error_mean_mha,sqd_error_std_mha,sqd_error_min_mha,conservation_ratio_mean,conservation_ratio_std,vmc_error_mean_mha,vmc_error_std_mha
LiH,nqs,444,312.1808216360484,569.1401193836468,8.526512829121202e-11,0.06532704052904946,0.027072529727764257,1712.4502601544152,1345.2145691345497
LiH,baseline,360,65.37914748854006,224.3093200557208,8.526512829121202e-11,0.05077333333333334,0.00692589859218226,,
H4,nqs,384,156.07183539835964,443.6087778459599,9.725553695716371e-11,0.3566349989702913,0.24180958157409024,640.6885253313891,438.712891876168
H4,baseline,384,7.421840919619171e-10,6.911993285789643e-10,9.725553695716371e-11,0.14534833333333333,0.006733257882023469,,
H6,nqs,108,385.7706674941085,780.3303008444516,8.44302405766939e-09,0.2505429407005858,0.14752815051107607,715.7096223835025,436.72189389323523
H6,baseline,108,1.7410073382961855e-07,1.6643001097382073e-07,8.44302405766939e-09,0.09805111111111112,0.0024103349646355287,,
